-- phpMyAdmin SQL Dump
-- version 4.9.0.1
-- https://www.phpmyadmin.net/
--
-- Host: 127.0.0.1
-- Generation Time: Nov 20, 2019 at 03:56 PM
-- Server version: 10.4.6-MariaDB
-- PHP Version: 7.3.8

SET SQL_MODE = "NO_AUTO_VALUE_ON_ZERO";
SET AUTOCOMMIT = 0;
START TRANSACTION;
SET time_zone = "+00:00";


/*!40101 SET @OLD_CHARACTER_SET_CLIENT=@@CHARACTER_SET_CLIENT */;
/*!40101 SET @OLD_CHARACTER_SET_RESULTS=@@CHARACTER_SET_RESULTS */;
/*!40101 SET @OLD_COLLATION_CONNECTION=@@COLLATION_CONNECTION */;
/*!40101 SET NAMES utf8mb4 */;

--
-- Database: `umn_bus`
--

-- --------------------------------------------------------

--
-- Table structure for table `bus`
--

CREATE TABLE `bus` (
  `busID` int(11) NOT NULL,
  `ruteID` int(11) NOT NULL,
  `jumlah_kursi` int(11) NOT NULL,
  `tglBerangkat` date DEFAULT NULL,
  `wktBerangkat` time DEFAULT NULL
) ENGINE=InnoDB DEFAULT CHARSET=latin1;

--
-- Dumping data for table `bus`
--

INSERT INTO `bus` (`busID`, `ruteID`, `jumlah_kursi`, `tglBerangkat`, `wktBerangkat`) VALUES
(4, 1111, 50, '2019-11-20', '06:40:00'),
(5, 1212, 50, '2019-11-20', '06:40:00'),
(6, 1010, 50, '2019-11-20', '07:30:00'),
(7, 1313, 50, '2019-11-20', '11:30:00'),
(8, 1414, 50, '2019-11-20', '11:30:00'),
(9, 1515, 50, '2019-11-20', '11:30:00'),
(10, 1616, 50, '2019-11-20', '17:15:00'),
(11, 1717, 50, '2019-11-20', '17:15:00'),
(12, 1818, 50, '2019-11-20', '17:15:00'),
(50, 1111, 50, '2019-11-21', '06:40:00'),
(51, 1212, 50, '2019-11-21', '06:40:00'),
(52, 1010, 50, '2019-11-21', '07:30:00'),
(53, 1313, 50, '2019-11-21', '11:30:00'),
(54, 1414, 50, '2019-11-21', '11:30:00'),
(55, 1515, 50, '2019-11-21', '11:30:00'),
(56, 1616, 50, '2019-11-21', '17:15:00'),
(57, 1717, 50, '2019-11-21', '17:15:00'),
(58, 1818, 50, '2019-11-21', '17:15:00');

-- --------------------------------------------------------

--
-- Table structure for table `dosen`
--

CREATE TABLE `dosen` (
  `penggunaID` int(11) DEFAULT NULL,
  `nama` char(20) DEFAULT NULL,
  `prodi` char(20) DEFAULT NULL,
  `noTelp` varchar(30) DEFAULT NULL
) ENGINE=InnoDB DEFAULT CHARSET=latin1;

--
-- Dumping data for table `dosen`
--

INSERT INTO `dosen` (`penggunaID`, `nama`, `prodi`, `noTelp`) VALUES
(11873, 'Johan', 'Sistem Informasi', '08272631232'),
(12238, 'Mulyadi', 'Manajemen', '082172321'),
(12315, 'Mulyanto', 'Akuntansi', '0827172732'),
(12893, 'Retno', 'DKV', '08828291232'),
(18273, 'Wahyudin', 'Informatika', '08287127234');

-- --------------------------------------------------------

--
-- Table structure for table `kategori`
--

CREATE TABLE `kategori` (
  `kategoriID` int(5) NOT NULL,
  `namaKategori` varchar(50) DEFAULT NULL
) ENGINE=InnoDB DEFAULT CHARSET=latin1;

--
-- Dumping data for table `kategori`
--

INSERT INTO `kategori` (`kategoriID`, `namaKategori`) VALUES
(1, 'Dosen'),
(2, 'Mahasiswa'),
(3, 'Staff');

-- --------------------------------------------------------

--
-- Table structure for table `mahasiswa`
--

CREATE TABLE `mahasiswa` (
  `penggunaID` int(11) DEFAULT NULL,
  `nama` char(20) DEFAULT NULL,
  `prodi` char(20) DEFAULT NULL,
  `angkatan` int(5) DEFAULT NULL,
  `noTelp` varchar(30) NOT NULL
) ENGINE=InnoDB DEFAULT CHARSET=latin1;

--
-- Dumping data for table `mahasiswa`
--

INSERT INTO `mahasiswa` (`penggunaID`, `nama`, `prodi`, `angkatan`, `noTelp`) VALUES
(35152, 'Martin', 'Informatika', 2018, '08172732321'),
(31781, 'Agnes', 'DKV', 2017, '08117273234'),
(32719, 'Mail', 'Akuntansi', 2019, '081723245'),
(32666, 'Ricky', 'Arstiektur', 2018, '081827395823'),
(32932, 'Jericho', 'Jurnalistik', 2018, '081882735681');

-- --------------------------------------------------------

--
-- Table structure for table `pengguna`
--

CREATE TABLE `pengguna` (
  `penggunaID` int(11) NOT NULL,
  `kategoriID` int(5) NOT NULL,
  `sandi` varchar(40) DEFAULT NULL
) ENGINE=InnoDB DEFAULT CHARSET=latin1;

--
-- Dumping data for table `pengguna`
--

INSERT INTO `pengguna` (`penggunaID`, `kategoriID`, `sandi`) VALUES
(11873, 1, 'mautauaja'),
(12238, 1, 'ngajarmulu'),
(12315, 1, 'dosenterbaik'),
(12893, 1, 'sayadosen'),
(18273, 1, 'satuduatigaempat'),
(31781, 2, 'salamsantuy'),
(32666, 2, 'kambingjantan'),
(32719, 2, 'mautauajasih'),
(32932, 2, 'richo1901'),
(35152, 2, 'sayaanakumn'),
(91723, 3, 'jangankepo'),
(91882, 3, 'salamjomblo'),
(95823, 3, 'sayaadalahstaff'),
(99325, 3, 'kerjateros'),
(99727, 3, 'inipassword');

-- --------------------------------------------------------

--
-- Table structure for table `rute`
--

CREATE TABLE `rute` (
  `ruteID` int(11) NOT NULL,
  `wktBerangkat` time DEFAULT NULL,
  `wktTiba` time DEFAULT NULL,
  `asal` varchar(30) DEFAULT NULL,
  `tujuan` varchar(30) DEFAULT NULL,
  `kapasitas` int(11) DEFAULT NULL
) ENGINE=InnoDB DEFAULT CHARSET=latin1;

--
-- Dumping data for table `rute`
--

INSERT INTO `rute` (`ruteID`, `wktBerangkat`, `wktTiba`, `asal`, `tujuan`, `kapasitas`) VALUES
(1010, '07:30:00', '07:45:00', 'Dormitory', 'UMN', 50),
(1111, '06:40:00', '07:45:00', 'Halte Total Depan Tangcity', 'UMN', 50),
(1212, '06:40:00', '07:45:00', 'ITC BSD', 'UMN', 50),
(1313, '11:30:00', '11:45:00', 'UMN', 'Dormitory', 50),
(1414, '11:30:00', '12:35:00', 'UMN', 'Halte Total Depan Tangcity', 50),
(1515, '11:30:00', '12:35:00', 'UMN', 'ITC BSD', 50),
(1616, '17:15:00', '17:30:00', 'UMN', 'Dormitory', 50),
(1717, '17:15:00', '18:20:00', 'UMN', 'Halte Total Depan Tangcity', 50),
(1818, '17:15:00', '18:20:00', 'UMN', 'ITC BSD', 50);

-- --------------------------------------------------------

--
-- Table structure for table `staff`
--

CREATE TABLE `staff` (
  `penggunaID` int(11) DEFAULT NULL,
  `nama` char(20) DEFAULT NULL,
  `noTelp` varchar(30) DEFAULT NULL
) ENGINE=InnoDB DEFAULT CHARSET=latin1;

--
-- Dumping data for table `staff`
--

INSERT INTO `staff` (`penggunaID`, `nama`, `noTelp`) VALUES
(91723, 'Tarno', '08178882312'),
(91882, 'Felix', '0818282823'),
(91882, 'Martono', '081828321512'),
(99325, 'Rasyid', '0881882432123'),
(99727, 'Sumail', '088188275136');

-- --------------------------------------------------------

--
-- Table structure for table `tiket`
--

CREATE TABLE `tiket` (
  `busID` int(11) NOT NULL,
  `ruteID` int(11) NOT NULL,
  `noKursi` int(11) NOT NULL,
  `penggunaID` int(11) DEFAULT NULL,
  `tglBerangkat` date DEFAULT NULL
) ENGINE=InnoDB DEFAULT CHARSET=latin1;

--
-- Dumping data for table `tiket`
--

INSERT INTO `tiket` (`busID`, `ruteID`, `noKursi`, `penggunaID`, `tglBerangkat`) VALUES
(4, 1111, 1, NULL, '2019-11-20'),
(4, 1111, 2, NULL, '2019-11-20'),
(4, 1111, 3, NULL, '2019-11-20'),
(4, 1111, 4, NULL, '2019-11-20'),
(4, 1111, 5, NULL, '2019-11-20'),
(4, 1111, 6, NULL, '2019-11-20'),
(4, 1111, 7, NULL, '2019-11-20'),
(4, 1111, 8, NULL, '2019-11-20'),
(4, 1111, 9, NULL, '2019-11-20'),
(4, 1111, 10, NULL, '2019-11-20'),
(4, 1111, 11, NULL, '2019-11-20'),
(4, 1111, 12, NULL, '2019-11-20'),
(4, 1111, 13, NULL, '2019-11-20'),
(4, 1111, 14, NULL, '2019-11-20'),
(4, 1111, 15, NULL, '2019-11-20'),
(4, 1111, 16, NULL, '2019-11-20'),
(4, 1111, 17, NULL, '2019-11-20'),
(4, 1111, 18, NULL, '2019-11-20'),
(4, 1111, 19, NULL, '2019-11-20'),
(4, 1111, 20, NULL, '2019-11-20'),
(4, 1111, 21, NULL, '2019-11-20'),
(4, 1111, 22, NULL, '2019-11-20'),
(4, 1111, 23, NULL, '2019-11-20'),
(4, 1111, 24, NULL, '2019-11-20'),
(4, 1111, 25, NULL, '2019-11-20'),
(4, 1111, 26, NULL, '2019-11-20'),
(4, 1111, 27, NULL, '2019-11-20'),
(4, 1111, 28, NULL, '2019-11-20'),
(4, 1111, 29, NULL, '2019-11-20'),
(4, 1111, 30, NULL, '2019-11-20'),
(4, 1111, 31, NULL, '2019-11-20'),
(4, 1111, 32, NULL, '2019-11-20'),
(4, 1111, 33, NULL, '2019-11-20'),
(4, 1111, 34, NULL, '2019-11-20'),
(4, 1111, 35, NULL, '2019-11-20'),
(4, 1111, 36, NULL, '2019-11-20'),
(4, 1111, 37, NULL, '2019-11-20'),
(4, 1111, 38, NULL, '2019-11-20'),
(4, 1111, 39, NULL, '2019-11-20'),
(4, 1111, 40, NULL, '2019-11-20'),
(4, 1111, 41, NULL, '2019-11-20'),
(4, 1111, 42, NULL, '2019-11-20'),
(4, 1111, 43, NULL, '2019-11-20'),
(4, 1111, 44, NULL, '2019-11-20'),
(4, 1111, 45, NULL, '2019-11-20'),
(4, 1111, 46, NULL, '2019-11-20'),
(4, 1111, 47, NULL, '2019-11-20'),
(4, 1111, 48, NULL, '2019-11-20'),
(4, 1111, 49, NULL, '2019-11-20'),
(4, 1111, 50, NULL, '2019-11-20'),
(5, 1212, 1, NULL, '2019-11-20'),
(5, 1212, 2, NULL, '2019-11-20'),
(5, 1212, 3, NULL, '2019-11-20'),
(5, 1212, 4, NULL, '2019-11-20'),
(5, 1212, 5, NULL, '2019-11-20'),
(5, 1212, 6, NULL, '2019-11-20'),
(5, 1212, 7, NULL, '2019-11-20'),
(5, 1212, 8, NULL, '2019-11-20'),
(5, 1212, 9, NULL, '2019-11-20'),
(5, 1212, 10, NULL, '2019-11-20'),
(5, 1212, 11, NULL, '2019-11-20'),
(5, 1212, 12, NULL, '2019-11-20'),
(5, 1212, 13, NULL, '2019-11-20'),
(5, 1212, 14, NULL, '2019-11-20'),
(5, 1212, 15, NULL, '2019-11-20'),
(5, 1212, 16, NULL, '2019-11-20'),
(5, 1212, 17, NULL, '2019-11-20'),
(5, 1212, 18, NULL, '2019-11-20'),
(5, 1212, 19, NULL, '2019-11-20'),
(5, 1212, 20, NULL, '2019-11-20'),
(5, 1212, 21, NULL, '2019-11-20'),
(5, 1212, 22, NULL, '2019-11-20'),
(5, 1212, 23, NULL, '2019-11-20'),
(5, 1212, 24, NULL, '2019-11-20'),
(5, 1212, 25, NULL, '2019-11-20'),
(5, 1212, 26, NULL, '2019-11-20'),
(5, 1212, 27, NULL, '2019-11-20'),
(5, 1212, 28, NULL, '2019-11-20'),
(5, 1212, 29, NULL, '2019-11-20'),
(5, 1212, 30, NULL, '2019-11-20'),
(5, 1212, 31, NULL, '2019-11-20'),
(5, 1212, 32, NULL, '2019-11-20'),
(5, 1212, 33, NULL, '2019-11-20'),
(5, 1212, 34, NULL, '2019-11-20'),
(5, 1212, 35, NULL, '2019-11-20'),
(5, 1212, 36, NULL, '2019-11-20'),
(5, 1212, 37, NULL, '2019-11-20'),
(5, 1212, 38, NULL, '2019-11-20'),
(5, 1212, 39, NULL, '2019-11-20'),
(5, 1212, 40, NULL, '2019-11-20'),
(5, 1212, 41, NULL, '2019-11-20'),
(5, 1212, 42, NULL, '2019-11-20'),
(5, 1212, 43, NULL, '2019-11-20'),
(5, 1212, 44, NULL, '2019-11-20'),
(5, 1212, 45, NULL, '2019-11-20'),
(5, 1212, 46, NULL, '2019-11-20'),
(5, 1212, 47, NULL, '2019-11-20'),
(5, 1212, 48, NULL, '2019-11-20'),
(5, 1212, 49, NULL, '2019-11-20'),
(5, 1212, 50, NULL, '2019-11-20'),
(6, 1010, 1, NULL, '2019-11-20'),
(6, 1010, 2, NULL, '2019-11-20'),
(6, 1010, 3, NULL, '2019-11-20'),
(6, 1010, 4, NULL, '2019-11-20'),
(6, 1010, 5, NULL, '2019-11-20'),
(6, 1010, 6, NULL, '2019-11-20'),
(6, 1010, 7, NULL, '2019-11-20'),
(6, 1010, 8, NULL, '2019-11-20'),
(6, 1010, 9, NULL, '2019-11-20'),
(6, 1010, 10, NULL, '2019-11-20'),
(6, 1010, 11, NULL, '2019-11-20'),
(6, 1010, 12, NULL, '2019-11-20'),
(6, 1010, 13, NULL, '2019-11-20'),
(6, 1010, 14, NULL, '2019-11-20'),
(6, 1010, 15, NULL, '2019-11-20'),
(6, 1010, 16, NULL, '2019-11-20'),
(6, 1010, 17, NULL, '2019-11-20'),
(6, 1010, 18, NULL, '2019-11-20'),
(6, 1010, 19, NULL, '2019-11-20'),
(6, 1010, 20, NULL, '2019-11-20'),
(6, 1010, 21, NULL, '2019-11-20'),
(6, 1010, 22, NULL, '2019-11-20'),
(6, 1010, 23, NULL, '2019-11-20'),
(6, 1010, 24, NULL, '2019-11-20'),
(6, 1010, 25, NULL, '2019-11-20'),
(6, 1010, 26, NULL, '2019-11-20'),
(6, 1010, 27, NULL, '2019-11-20'),
(6, 1010, 28, NULL, '2019-11-20'),
(6, 1010, 29, NULL, '2019-11-20'),
(6, 1010, 30, NULL, '2019-11-20'),
(6, 1010, 31, NULL, '2019-11-20'),
(6, 1010, 32, NULL, '2019-11-20'),
(6, 1010, 33, NULL, '2019-11-20'),
(6, 1010, 34, NULL, '2019-11-20'),
(6, 1010, 35, NULL, '2019-11-20'),
(6, 1010, 36, NULL, '2019-11-20'),
(6, 1010, 37, NULL, '2019-11-20'),
(6, 1010, 38, NULL, '2019-11-20'),
(6, 1010, 39, NULL, '2019-11-20'),
(6, 1010, 40, NULL, '2019-11-20'),
(6, 1010, 41, NULL, '2019-11-20'),
(6, 1010, 42, NULL, '2019-11-20'),
(6, 1010, 43, NULL, '2019-11-20'),
(6, 1010, 44, NULL, '2019-11-20'),
(6, 1010, 45, NULL, '2019-11-20'),
(6, 1010, 46, NULL, '2019-11-20'),
(6, 1010, 47, NULL, '2019-11-20'),
(6, 1010, 48, NULL, '2019-11-20'),
(6, 1010, 49, NULL, '2019-11-20'),
(6, 1010, 50, NULL, '2019-11-20'),
(7, 1313, 1, NULL, '2019-11-20'),
(7, 1313, 2, NULL, '2019-11-20'),
(7, 1313, 3, NULL, '2019-11-20'),
(7, 1313, 4, NULL, '2019-11-20'),
(7, 1313, 5, NULL, '2019-11-20'),
(7, 1313, 6, NULL, '2019-11-20'),
(7, 1313, 7, NULL, '2019-11-20'),
(7, 1313, 8, NULL, '2019-11-20'),
(7, 1313, 9, NULL, '2019-11-20'),
(7, 1313, 10, NULL, '2019-11-20'),
(7, 1313, 11, NULL, '2019-11-20'),
(7, 1313, 12, NULL, '2019-11-20'),
(7, 1313, 13, NULL, '2019-11-20'),
(7, 1313, 14, NULL, '2019-11-20'),
(7, 1313, 15, NULL, '2019-11-20'),
(7, 1313, 16, NULL, '2019-11-20'),
(7, 1313, 17, NULL, '2019-11-20'),
(7, 1313, 18, NULL, '2019-11-20'),
(7, 1313, 19, NULL, '2019-11-20'),
(7, 1313, 20, NULL, '2019-11-20'),
(7, 1313, 21, NULL, '2019-11-20'),
(7, 1313, 22, NULL, '2019-11-20'),
(7, 1313, 23, NULL, '2019-11-20'),
(7, 1313, 24, NULL, '2019-11-20'),
(7, 1313, 25, NULL, '2019-11-20'),
(7, 1313, 26, NULL, '2019-11-20'),
(7, 1313, 27, NULL, '2019-11-20'),
(7, 1313, 28, NULL, '2019-11-20'),
(7, 1313, 29, NULL, '2019-11-20'),
(7, 1313, 30, NULL, '2019-11-20'),
(7, 1313, 31, NULL, '2019-11-20'),
(7, 1313, 32, NULL, '2019-11-20'),
(7, 1313, 33, NULL, '2019-11-20'),
(7, 1313, 34, NULL, '2019-11-20'),
(7, 1313, 35, NULL, '2019-11-20'),
(7, 1313, 36, NULL, '2019-11-20'),
(7, 1313, 37, NULL, '2019-11-20'),
(7, 1313, 38, NULL, '2019-11-20'),
(7, 1313, 39, NULL, '2019-11-20'),
(7, 1313, 40, NULL, '2019-11-20'),
(7, 1313, 41, NULL, '2019-11-20'),
(7, 1313, 42, NULL, '2019-11-20'),
(7, 1313, 43, NULL, '2019-11-20'),
(7, 1313, 44, NULL, '2019-11-20'),
(7, 1313, 45, NULL, '2019-11-20'),
(7, 1313, 46, NULL, '2019-11-20'),
(7, 1313, 47, NULL, '2019-11-20'),
(7, 1313, 48, NULL, '2019-11-20'),
(7, 1313, 49, NULL, '2019-11-20'),
(7, 1313, 50, NULL, '2019-11-20'),
(8, 1414, 1, NULL, '2019-11-20'),
(8, 1414, 2, NULL, '2019-11-20'),
(8, 1414, 3, NULL, '2019-11-20'),
(8, 1414, 4, NULL, '2019-11-20'),
(8, 1414, 5, NULL, '2019-11-20'),
(8, 1414, 6, NULL, '2019-11-20'),
(8, 1414, 7, NULL, '2019-11-20'),
(8, 1414, 8, NULL, '2019-11-20'),
(8, 1414, 9, NULL, '2019-11-20'),
(8, 1414, 10, NULL, '2019-11-20'),
(8, 1414, 11, NULL, '2019-11-20'),
(8, 1414, 12, NULL, '2019-11-20'),
(8, 1414, 13, NULL, '2019-11-20'),
(8, 1414, 14, NULL, '2019-11-20'),
(8, 1414, 15, NULL, '2019-11-20'),
(8, 1414, 16, NULL, '2019-11-20'),
(8, 1414, 17, NULL, '2019-11-20'),
(8, 1414, 18, NULL, '2019-11-20'),
(8, 1414, 19, NULL, '2019-11-20'),
(8, 1414, 20, NULL, '2019-11-20'),
(8, 1414, 21, NULL, '2019-11-20'),
(8, 1414, 22, NULL, '2019-11-20'),
(8, 1414, 23, NULL, '2019-11-20'),
(8, 1414, 24, NULL, '2019-11-20'),
(8, 1414, 25, NULL, '2019-11-20'),
(8, 1414, 26, NULL, '2019-11-20'),
(8, 1414, 27, NULL, '2019-11-20'),
(8, 1414, 28, NULL, '2019-11-20'),
(8, 1414, 29, NULL, '2019-11-20'),
(8, 1414, 30, NULL, '2019-11-20'),
(8, 1414, 31, NULL, '2019-11-20'),
(8, 1414, 32, NULL, '2019-11-20'),
(8, 1414, 33, NULL, '2019-11-20'),
(8, 1414, 34, NULL, '2019-11-20'),
(8, 1414, 35, NULL, '2019-11-20'),
(8, 1414, 36, NULL, '2019-11-20'),
(8, 1414, 37, NULL, '2019-11-20'),
(8, 1414, 38, NULL, '2019-11-20'),
(8, 1414, 39, NULL, '2019-11-20'),
(8, 1414, 40, NULL, '2019-11-20'),
(8, 1414, 41, NULL, '2019-11-20'),
(8, 1414, 42, NULL, '2019-11-20'),
(8, 1414, 43, NULL, '2019-11-20'),
(8, 1414, 44, NULL, '2019-11-20'),
(8, 1414, 45, NULL, '2019-11-20'),
(8, 1414, 46, NULL, '2019-11-20'),
(8, 1414, 47, NULL, '2019-11-20'),
(8, 1414, 48, NULL, '2019-11-20'),
(8, 1414, 49, NULL, '2019-11-20'),
(8, 1414, 50, NULL, '2019-11-20'),
(9, 1515, 1, NULL, '2019-11-20'),
(9, 1515, 2, NULL, '2019-11-20'),
(9, 1515, 3, NULL, '2019-11-20'),
(9, 1515, 4, NULL, '2019-11-20'),
(9, 1515, 5, NULL, '2019-11-20'),
(9, 1515, 6, NULL, '2019-11-20'),
(9, 1515, 7, NULL, '2019-11-20'),
(9, 1515, 8, NULL, '2019-11-20'),
(9, 1515, 9, NULL, '2019-11-20'),
(9, 1515, 10, NULL, '2019-11-20'),
(9, 1515, 11, NULL, '2019-11-20'),
(9, 1515, 12, NULL, '2019-11-20'),
(9, 1515, 13, NULL, '2019-11-20'),
(9, 1515, 14, NULL, '2019-11-20'),
(9, 1515, 15, NULL, '2019-11-20'),
(9, 1515, 16, NULL, '2019-11-20'),
(9, 1515, 17, NULL, '2019-11-20'),
(9, 1515, 18, NULL, '2019-11-20'),
(9, 1515, 19, NULL, '2019-11-20'),
(9, 1515, 20, NULL, '2019-11-20'),
(9, 1515, 21, NULL, '2019-11-20'),
(9, 1515, 22, NULL, '2019-11-20'),
(9, 1515, 23, NULL, '2019-11-20'),
(9, 1515, 24, NULL, '2019-11-20'),
(9, 1515, 25, NULL, '2019-11-20'),
(9, 1515, 26, NULL, '2019-11-20'),
(9, 1515, 27, NULL, '2019-11-20'),
(9, 1515, 28, NULL, '2019-11-20'),
(9, 1515, 29, NULL, '2019-11-20'),
(9, 1515, 30, NULL, '2019-11-20'),
(9, 1515, 31, NULL, '2019-11-20'),
(9, 1515, 32, NULL, '2019-11-20'),
(9, 1515, 33, NULL, '2019-11-20'),
(9, 1515, 34, NULL, '2019-11-20'),
(9, 1515, 35, NULL, '2019-11-20'),
(9, 1515, 36, NULL, '2019-11-20'),
(9, 1515, 37, NULL, '2019-11-20'),
(9, 1515, 38, NULL, '2019-11-20'),
(9, 1515, 39, NULL, '2019-11-20'),
(9, 1515, 40, NULL, '2019-11-20'),
(9, 1515, 41, NULL, '2019-11-20'),
(9, 1515, 42, NULL, '2019-11-20'),
(9, 1515, 43, NULL, '2019-11-20'),
(9, 1515, 44, NULL, '2019-11-20'),
(9, 1515, 45, NULL, '2019-11-20'),
(9, 1515, 46, NULL, '2019-11-20'),
(9, 1515, 47, NULL, '2019-11-20'),
(9, 1515, 48, NULL, '2019-11-20'),
(9, 1515, 49, NULL, '2019-11-20'),
(9, 1515, 50, NULL, '2019-11-20'),
(50, 1111, 1, NULL, '2019-11-21'),
(50, 1111, 2, NULL, '2019-11-21'),
(50, 1111, 3, NULL, '2019-11-21'),
(50, 1111, 4, NULL, '2019-11-21'),
(50, 1111, 5, NULL, '2019-11-21'),
(50, 1111, 6, NULL, '2019-11-21'),
(50, 1111, 7, NULL, '2019-11-21'),
(50, 1111, 8, NULL, '2019-11-21'),
(50, 1111, 9, NULL, '2019-11-21'),
(50, 1111, 10, NULL, '2019-11-21'),
(50, 1111, 11, NULL, '2019-11-21'),
(50, 1111, 12, NULL, '2019-11-21'),
(50, 1111, 13, NULL, '2019-11-21'),
(50, 1111, 14, NULL, '2019-11-21'),
(50, 1111, 15, NULL, '2019-11-21'),
(50, 1111, 16, NULL, '2019-11-21'),
(50, 1111, 17, NULL, '2019-11-21'),
(50, 1111, 18, NULL, '2019-11-21'),
(50, 1111, 19, NULL, '2019-11-21'),
(50, 1111, 20, NULL, '2019-11-21'),
(50, 1111, 21, NULL, '2019-11-21'),
(50, 1111, 22, NULL, '2019-11-21'),
(50, 1111, 23, NULL, '2019-11-21'),
(50, 1111, 24, NULL, '2019-11-21'),
(50, 1111, 25, NULL, '2019-11-21'),
(50, 1111, 26, NULL, '2019-11-21'),
(50, 1111, 27, NULL, '2019-11-21'),
(50, 1111, 28, NULL, '2019-11-21'),
(50, 1111, 29, NULL, '2019-11-21'),
(50, 1111, 30, NULL, '2019-11-21'),
(50, 1111, 31, NULL, '2019-11-21'),
(50, 1111, 32, NULL, '2019-11-21'),
(50, 1111, 33, NULL, '2019-11-21'),
(50, 1111, 34, NULL, '2019-11-21'),
(50, 1111, 35, NULL, '2019-11-21'),
(50, 1111, 36, NULL, '2019-11-21'),
(50, 1111, 37, NULL, '2019-11-21'),
(50, 1111, 38, NULL, '2019-11-21'),
(50, 1111, 39, NULL, '2019-11-21'),
(50, 1111, 40, NULL, '2019-11-21'),
(50, 1111, 41, NULL, '2019-11-21'),
(50, 1111, 42, NULL, '2019-11-21'),
(50, 1111, 43, NULL, '2019-11-21'),
(50, 1111, 44, NULL, '2019-11-21'),
(50, 1111, 45, NULL, '2019-11-21'),
(50, 1111, 46, NULL, '2019-11-21'),
(50, 1111, 47, NULL, '2019-11-21'),
(50, 1111, 48, NULL, '2019-11-21'),
(50, 1111, 49, NULL, '2019-11-21'),
(50, 1111, 50, NULL, '2019-11-21'),
(51, 1212, 1, NULL, '2019-11-21'),
(51, 1212, 2, NULL, '2019-11-21'),
(51, 1212, 3, NULL, '2019-11-21'),
(51, 1212, 4, NULL, '2019-11-21'),
(51, 1212, 5, NULL, '2019-11-21'),
(51, 1212, 6, NULL, '2019-11-21'),
(51, 1212, 7, NULL, '2019-11-21'),
(51, 1212, 8, NULL, '2019-11-21'),
(51, 1212, 9, NULL, '2019-11-21'),
(51, 1212, 10, NULL, '2019-11-21'),
(51, 1212, 11, NULL, '2019-11-21'),
(51, 1212, 12, NULL, '2019-11-21'),
(51, 1212, 13, NULL, '2019-11-21'),
(51, 1212, 14, NULL, '2019-11-21'),
(51, 1212, 15, NULL, '2019-11-21'),
(51, 1212, 16, NULL, '2019-11-21'),
(51, 1212, 17, NULL, '2019-11-21'),
(51, 1212, 18, NULL, '2019-11-21'),
(51, 1212, 19, NULL, '2019-11-21'),
(51, 1212, 20, NULL, '2019-11-21'),
(51, 1212, 21, NULL, '2019-11-21'),
(51, 1212, 22, NULL, '2019-11-21'),
(51, 1212, 23, NULL, '2019-11-21'),
(51, 1212, 24, NULL, '2019-11-21'),
(51, 1212, 25, NULL, '2019-11-21'),
(51, 1212, 26, NULL, '2019-11-21'),
(51, 1212, 27, NULL, '2019-11-21'),
(51, 1212, 28, NULL, '2019-11-21'),
(51, 1212, 29, NULL, '2019-11-21'),
(51, 1212, 30, NULL, '2019-11-21'),
(51, 1212, 31, NULL, '2019-11-21'),
(51, 1212, 32, NULL, '2019-11-21'),
(51, 1212, 33, NULL, '2019-11-21'),
(51, 1212, 34, NULL, '2019-11-21'),
(51, 1212, 35, NULL, '2019-11-21'),
(51, 1212, 36, NULL, '2019-11-21'),
(51, 1212, 37, NULL, '2019-11-21'),
(51, 1212, 38, NULL, '2019-11-21'),
(51, 1212, 39, NULL, '2019-11-21'),
(51, 1212, 40, NULL, '2019-11-21'),
(51, 1212, 41, NULL, '2019-11-21'),
(51, 1212, 42, NULL, '2019-11-21'),
(51, 1212, 43, NULL, '2019-11-21'),
(51, 1212, 44, NULL, '2019-11-21'),
(51, 1212, 45, NULL, '2019-11-21'),
(51, 1212, 46, NULL, '2019-11-21'),
(51, 1212, 47, NULL, '2019-11-21'),
(51, 1212, 48, NULL, '2019-11-21'),
(51, 1212, 49, NULL, '2019-11-21'),
(51, 1212, 50, NULL, '2019-11-21'),
(52, 1010, 1, NULL, '2019-11-21'),
(52, 1010, 2, NULL, '2019-11-21'),
(52, 1010, 3, NULL, '2019-11-21'),
(52, 1010, 4, NULL, '2019-11-21'),
(52, 1010, 5, NULL, '2019-11-21'),
(52, 1010, 6, NULL, '2019-11-21'),
(52, 1010, 7, NULL, '2019-11-21'),
(52, 1010, 8, NULL, '2019-11-21'),
(52, 1010, 9, NULL, '2019-11-21'),
(52, 1010, 10, NULL, '2019-11-21'),
(52, 1010, 11, NULL, '2019-11-21'),
(52, 1010, 12, NULL, '2019-11-21'),
(52, 1010, 13, NULL, '2019-11-21'),
(52, 1010, 14, NULL, '2019-11-21'),
(52, 1010, 15, NULL, '2019-11-21'),
(52, 1010, 16, NULL, '2019-11-21'),
(52, 1010, 17, NULL, '2019-11-21'),
(52, 1010, 18, NULL, '2019-11-21'),
(52, 1010, 19, NULL, '2019-11-21'),
(52, 1010, 20, NULL, '2019-11-21'),
(52, 1010, 21, NULL, '2019-11-21'),
(52, 1010, 22, NULL, '2019-11-21'),
(52, 1010, 23, NULL, '2019-11-21'),
(52, 1010, 24, NULL, '2019-11-21'),
(52, 1010, 25, NULL, '2019-11-21'),
(52, 1010, 26, NULL, '2019-11-21'),
(52, 1010, 27, NULL, '2019-11-21'),
(52, 1010, 28, NULL, '2019-11-21'),
(52, 1010, 29, NULL, '2019-11-21'),
(52, 1010, 30, NULL, '2019-11-21'),
(52, 1010, 31, NULL, '2019-11-21'),
(52, 1010, 32, NULL, '2019-11-21'),
(52, 1010, 33, NULL, '2019-11-21'),
(52, 1010, 34, NULL, '2019-11-21'),
(52, 1010, 35, NULL, '2019-11-21'),
(52, 1010, 36, NULL, '2019-11-21'),
(52, 1010, 37, NULL, '2019-11-21'),
(52, 1010, 38, NULL, '2019-11-21'),
(52, 1010, 39, NULL, '2019-11-21'),
(52, 1010, 40, NULL, '2019-11-21'),
(52, 1010, 41, NULL, '2019-11-21'),
(52, 1010, 42, NULL, '2019-11-21'),
(52, 1010, 43, NULL, '2019-11-21'),
(52, 1010, 44, NULL, '2019-11-21'),
(52, 1010, 45, NULL, '2019-11-21'),
(52, 1010, 46, NULL, '2019-11-21'),
(52, 1010, 47, NULL, '2019-11-21'),
(52, 1010, 48, NULL, '2019-11-21'),
(52, 1010, 49, NULL, '2019-11-21'),
(52, 1010, 50, NULL, '2019-11-21'),
(53, 1313, 1, NULL, '2019-11-21'),
(53, 1313, 2, NULL, '2019-11-21'),
(53, 1313, 3, NULL, '2019-11-21'),
(53, 1313, 4, NULL, '2019-11-21'),
(53, 1313, 5, NULL, '2019-11-21'),
(53, 1313, 6, NULL, '2019-11-21'),
(53, 1313, 7, NULL, '2019-11-21'),
(53, 1313, 8, NULL, '2019-11-21'),
(53, 1313, 9, NULL, '2019-11-21'),
(53, 1313, 10, NULL, '2019-11-21'),
(53, 1313, 11, NULL, '2019-11-21'),
(53, 1313, 12, NULL, '2019-11-21'),
(53, 1313, 13, NULL, '2019-11-21'),
(53, 1313, 14, NULL, '2019-11-21'),
(53, 1313, 15, NULL, '2019-11-21'),
(53, 1313, 16, NULL, '2019-11-21'),
(53, 1313, 17, NULL, '2019-11-21'),
(53, 1313, 18, NULL, '2019-11-21'),
(53, 1313, 19, NULL, '2019-11-21'),
(53, 1313, 20, NULL, '2019-11-21'),
(53, 1313, 21, NULL, '2019-11-21'),
(53, 1313, 22, NULL, '2019-11-21'),
(53, 1313, 23, NULL, '2019-11-21'),
(53, 1313, 24, NULL, '2019-11-21'),
(53, 1313, 25, NULL, '2019-11-21'),
(53, 1313, 26, NULL, '2019-11-21'),
(53, 1313, 27, NULL, '2019-11-21'),
(53, 1313, 28, NULL, '2019-11-21'),
(53, 1313, 29, NULL, '2019-11-21'),
(53, 1313, 30, NULL, '2019-11-21'),
(53, 1313, 31, NULL, '2019-11-21'),
(53, 1313, 32, NULL, '2019-11-21'),
(53, 1313, 33, NULL, '2019-11-21'),
(53, 1313, 34, NULL, '2019-11-21'),
(53, 1313, 35, NULL, '2019-11-21'),
(53, 1313, 36, NULL, '2019-11-21'),
(53, 1313, 37, NULL, '2019-11-21'),
(53, 1313, 38, NULL, '2019-11-21'),
(53, 1313, 39, NULL, '2019-11-21'),
(53, 1313, 40, NULL, '2019-11-21'),
(53, 1313, 41, NULL, '2019-11-21'),
(53, 1313, 42, NULL, '2019-11-21'),
(53, 1313, 43, NULL, '2019-11-21'),
(53, 1313, 44, NULL, '2019-11-21'),
(53, 1313, 45, NULL, '2019-11-21'),
(53, 1313, 46, NULL, '2019-11-21'),
(53, 1313, 47, NULL, '2019-11-21'),
(53, 1313, 48, NULL, '2019-11-21'),
(53, 1313, 49, NULL, '2019-11-21'),
(53, 1313, 50, NULL, '2019-11-21'),
(54, 1414, 1, NULL, '2019-11-21'),
(54, 1414, 2, NULL, '2019-11-21'),
(54, 1414, 3, NULL, '2019-11-21'),
(54, 1414, 4, NULL, '2019-11-21'),
(54, 1414, 5, NULL, '2019-11-21'),
(54, 1414, 6, NULL, '2019-11-21'),
(54, 1414, 7, NULL, '2019-11-21'),
(54, 1414, 8, NULL, '2019-11-21'),
(54, 1414, 9, NULL, '2019-11-21'),
(54, 1414, 10, NULL, '2019-11-21'),
(54, 1414, 11, NULL, '2019-11-21'),
(54, 1414, 12, NULL, '2019-11-21'),
(54, 1414, 13, NULL, '2019-11-21'),
(54, 1414, 14, NULL, '2019-11-21'),
(54, 1414, 15, NULL, '2019-11-21'),
(54, 1414, 16, NULL, '2019-11-21'),
(54, 1414, 17, NULL, '2019-11-21'),
(54, 1414, 18, NULL, '2019-11-21'),
(54, 1414, 19, NULL, '2019-11-21'),
(54, 1414, 20, NULL, '2019-11-21'),
(54, 1414, 21, NULL, '2019-11-21'),
(54, 1414, 22, NULL, '2019-11-21'),
(54, 1414, 23, NULL, '2019-11-21'),
(54, 1414, 24, NULL, '2019-11-21'),
(54, 1414, 25, NULL, '2019-11-21'),
(54, 1414, 26, NULL, '2019-11-21'),
(54, 1414, 27, NULL, '2019-11-21'),
(54, 1414, 28, NULL, '2019-11-21'),
(54, 1414, 29, NULL, '2019-11-21'),
(54, 1414, 30, NULL, '2019-11-21'),
(54, 1414, 31, NULL, '2019-11-21'),
(54, 1414, 32, NULL, '2019-11-21'),
(54, 1414, 33, NULL, '2019-11-21'),
(54, 1414, 34, NULL, '2019-11-21'),
(54, 1414, 35, NULL, '2019-11-21'),
(54, 1414, 36, NULL, '2019-11-21'),
(54, 1414, 37, NULL, '2019-11-21'),
(54, 1414, 38, NULL, '2019-11-21'),
(54, 1414, 39, NULL, '2019-11-21'),
(54, 1414, 40, NULL, '2019-11-21'),
(54, 1414, 41, NULL, '2019-11-21'),
(54, 1414, 42, NULL, '2019-11-21'),
(54, 1414, 43, NULL, '2019-11-21'),
(54, 1414, 44, NULL, '2019-11-21'),
(54, 1414, 45, NULL, '2019-11-21'),
(54, 1414, 46, NULL, '2019-11-21'),
(54, 1414, 47, NULL, '2019-11-21'),
(54, 1414, 48, NULL, '2019-11-21'),
(54, 1414, 49, NULL, '2019-11-21'),
(54, 1414, 50, NULL, '2019-11-21'),
(55, 1515, 1, NULL, '2019-11-21'),
(55, 1515, 2, NULL, '2019-11-21'),
(55, 1515, 3, NULL, '2019-11-21'),
(55, 1515, 4, NULL, '2019-11-21'),
(55, 1515, 5, NULL, '2019-11-21'),
(55, 1515, 6, NULL, '2019-11-21'),
(55, 1515, 7, NULL, '2019-11-21'),
(55, 1515, 8, NULL, '2019-11-21'),
(55, 1515, 9, NULL, '2019-11-21'),
(55, 1515, 10, NULL, '2019-11-21'),
(55, 1515, 11, NULL, '2019-11-21'),
(55, 1515, 12, NULL, '2019-11-21'),
(55, 1515, 13, NULL, '2019-11-21'),
(55, 1515, 14, NULL, '2019-11-21'),
(55, 1515, 15, NULL, '2019-11-21'),
(55, 1515, 16, NULL, '2019-11-21'),
(55, 1515, 17, NULL, '2019-11-21'),
(55, 1515, 18, NULL, '2019-11-21'),
(55, 1515, 19, NULL, '2019-11-21'),
(55, 1515, 20, NULL, '2019-11-21'),
(55, 1515, 21, NULL, '2019-11-21'),
(55, 1515, 22, NULL, '2019-11-21'),
(55, 1515, 23, NULL, '2019-11-21'),
(55, 1515, 24, NULL, '2019-11-21'),
(55, 1515, 25, NULL, '2019-11-21'),
(55, 1515, 26, NULL, '2019-11-21'),
(55, 1515, 27, NULL, '2019-11-21'),
(55, 1515, 28, NULL, '2019-11-21'),
(55, 1515, 29, NULL, '2019-11-21'),
(55, 1515, 30, NULL, '2019-11-21'),
(55, 1515, 31, NULL, '2019-11-21'),
(55, 1515, 32, NULL, '2019-11-21'),
(55, 1515, 33, NULL, '2019-11-21'),
(55, 1515, 34, NULL, '2019-11-21'),
(55, 1515, 35, NULL, '2019-11-21'),
(55, 1515, 36, NULL, '2019-11-21'),
(55, 1515, 37, NULL, '2019-11-21'),
(55, 1515, 38, NULL, '2019-11-21'),
(55, 1515, 39, NULL, '2019-11-21'),
(55, 1515, 40, NULL, '2019-11-21'),
(55, 1515, 41, NULL, '2019-11-21'),
(55, 1515, 42, NULL, '2019-11-21'),
(55, 1515, 43, NULL, '2019-11-21'),
(55, 1515, 44, NULL, '2019-11-21'),
(55, 1515, 45, NULL, '2019-11-21'),
(55, 1515, 46, NULL, '2019-11-21'),
(55, 1515, 47, NULL, '2019-11-21'),
(55, 1515, 48, NULL, '2019-11-21'),
(55, 1515, 49, NULL, '2019-11-21'),
(55, 1515, 50, NULL, '2019-11-21'),
(10, 1616, 1, NULL, '2019-11-20'),
(10, 1616, 2, NULL, '2019-11-20'),
(10, 1616, 3, NULL, '2019-11-20'),
(10, 1616, 4, NULL, '2019-11-20'),
(10, 1616, 5, NULL, '2019-11-20'),
(10, 1616, 6, NULL, '2019-11-20'),
(10, 1616, 7, NULL, '2019-11-20'),
(10, 1616, 8, NULL, '2019-11-20'),
(10, 1616, 9, NULL, '2019-11-20'),
(10, 1616, 10, NULL, '2019-11-20'),
(10, 1616, 11, NULL, '2019-11-20'),
(10, 1616, 12, NULL, '2019-11-20'),
(10, 1616, 13, NULL, '2019-11-20'),
(10, 1616, 14, NULL, '2019-11-20'),
(10, 1616, 15, NULL, '2019-11-20'),
(10, 1616, 16, NULL, '2019-11-20'),
(10, 1616, 17, NULL, '2019-11-20'),
(10, 1616, 18, NULL, '2019-11-20'),
(10, 1616, 19, NULL, '2019-11-20'),
(10, 1616, 20, NULL, '2019-11-20'),
(10, 1616, 21, NULL, '2019-11-20'),
(10, 1616, 22, NULL, '2019-11-20'),
(10, 1616, 23, NULL, '2019-11-20'),
(10, 1616, 24, NULL, '2019-11-20'),
(10, 1616, 25, NULL, '2019-11-20'),
(10, 1616, 26, NULL, '2019-11-20'),
(10, 1616, 27, NULL, '2019-11-20'),
(10, 1616, 28, NULL, '2019-11-20'),
(10, 1616, 29, NULL, '2019-11-20'),
(10, 1616, 30, NULL, '2019-11-20'),
(10, 1616, 31, NULL, '2019-11-20'),
(10, 1616, 32, NULL, '2019-11-20'),
(10, 1616, 33, NULL, '2019-11-20'),
(10, 1616, 34, NULL, '2019-11-20'),
(10, 1616, 35, NULL, '2019-11-20'),
(10, 1616, 36, NULL, '2019-11-20'),
(10, 1616, 37, NULL, '2019-11-20'),
(10, 1616, 38, NULL, '2019-11-20'),
(10, 1616, 39, NULL, '2019-11-20'),
(10, 1616, 40, NULL, '2019-11-20'),
(10, 1616, 41, NULL, '2019-11-20'),
(10, 1616, 42, NULL, '2019-11-20'),
(10, 1616, 43, NULL, '2019-11-20'),
(10, 1616, 44, NULL, '2019-11-20'),
(10, 1616, 45, NULL, '2019-11-20'),
(10, 1616, 46, NULL, '2019-11-20'),
(10, 1616, 47, NULL, '2019-11-20'),
(10, 1616, 48, NULL, '2019-11-20'),
(10, 1616, 49, NULL, '2019-11-20'),
(10, 1616, 50, NULL, '2019-11-20'),
(11, 1717, 1, NULL, '2019-11-20'),
(11, 1717, 2, NULL, '2019-11-20'),
(11, 1717, 3, NULL, '2019-11-20'),
(11, 1717, 4, NULL, '2019-11-20'),
(11, 1717, 5, NULL, '2019-11-20'),
(11, 1717, 6, NULL, '2019-11-20'),
(11, 1717, 7, NULL, '2019-11-20'),
(11, 1717, 8, NULL, '2019-11-20'),
(11, 1717, 9, NULL, '2019-11-20'),
(11, 1717, 10, NULL, '2019-11-20'),
(11, 1717, 11, NULL, '2019-11-20'),
(11, 1717, 12, NULL, '2019-11-20'),
(11, 1717, 13, NULL, '2019-11-20'),
(11, 1717, 14, NULL, '2019-11-20'),
(11, 1717, 15, NULL, '2019-11-20'),
(11, 1717, 16, NULL, '2019-11-20'),
(11, 1717, 17, NULL, '2019-11-20'),
(11, 1717, 18, NULL, '2019-11-20'),
(11, 1717, 19, NULL, '2019-11-20'),
(11, 1717, 20, NULL, '2019-11-20'),
(11, 1717, 21, NULL, '2019-11-20'),
(11, 1717, 22, NULL, '2019-11-20'),
(11, 1717, 23, NULL, '2019-11-20'),
(11, 1717, 24, NULL, '2019-11-20'),
(11, 1717, 25, NULL, '2019-11-20'),
(11, 1717, 26, NULL, '2019-11-20'),
(11, 1717, 27, NULL, '2019-11-20'),
(11, 1717, 28, NULL, '2019-11-20'),
(11, 1717, 29, NULL, '2019-11-20'),
(11, 1717, 30, NULL, '2019-11-20'),
(11, 1717, 31, NULL, '2019-11-20'),
(11, 1717, 32, NULL, '2019-11-20'),
(11, 1717, 33, NULL, '2019-11-20'),
(11, 1717, 34, NULL, '2019-11-20'),
(11, 1717, 35, NULL, '2019-11-20'),
(11, 1717, 36, NULL, '2019-11-20'),
(11, 1717, 37, NULL, '2019-11-20'),
(11, 1717, 38, NULL, '2019-11-20'),
(11, 1717, 39, NULL, '2019-11-20'),
(11, 1717, 40, NULL, '2019-11-20'),
(11, 1717, 41, NULL, '2019-11-20'),
(11, 1717, 42, NULL, '2019-11-20'),
(11, 1717, 43, NULL, '2019-11-20'),
(11, 1717, 44, NULL, '2019-11-20'),
(11, 1717, 45, NULL, '2019-11-20'),
(11, 1717, 46, NULL, '2019-11-20'),
(11, 1717, 47, NULL, '2019-11-20'),
(11, 1717, 48, NULL, '2019-11-20'),
(11, 1717, 49, NULL, '2019-11-20'),
(11, 1717, 50, NULL, '2019-11-20'),
(12, 1818, 1, NULL, '2019-11-20'),
(12, 1818, 2, NULL, '2019-11-20'),
(12, 1818, 3, NULL, '2019-11-20'),
(12, 1818, 4, NULL, '2019-11-20'),
(12, 1818, 5, NULL, '2019-11-20'),
(12, 1818, 6, NULL, '2019-11-20'),
(12, 1818, 7, NULL, '2019-11-20'),
(12, 1818, 8, NULL, '2019-11-20'),
(12, 1818, 9, NULL, '2019-11-20'),
(12, 1818, 10, NULL, '2019-11-20'),
(12, 1818, 11, NULL, '2019-11-20'),
(12, 1818, 12, NULL, '2019-11-20'),
(12, 1818, 13, NULL, '2019-11-20'),
(12, 1818, 14, NULL, '2019-11-20'),
(12, 1818, 15, NULL, '2019-11-20'),
(12, 1818, 16, NULL, '2019-11-20'),
(12, 1818, 17, NULL, '2019-11-20'),
(12, 1818, 18, NULL, '2019-11-20'),
(12, 1818, 19, NULL, '2019-11-20'),
(12, 1818, 20, NULL, '2019-11-20'),
(12, 1818, 21, NULL, '2019-11-20'),
(12, 1818, 22, NULL, '2019-11-20'),
(12, 1818, 23, NULL, '2019-11-20'),
(12, 1818, 24, NULL, '2019-11-20'),
(12, 1818, 25, NULL, '2019-11-20'),
(12, 1818, 26, NULL, '2019-11-20'),
(12, 1818, 27, NULL, '2019-11-20'),
(12, 1818, 28, NULL, '2019-11-20'),
(12, 1818, 29, NULL, '2019-11-20'),
(12, 1818, 30, NULL, '2019-11-20'),
(12, 1818, 31, NULL, '2019-11-20'),
(12, 1818, 32, NULL, '2019-11-20'),
(12, 1818, 33, NULL, '2019-11-20'),
(12, 1818, 34, NULL, '2019-11-20'),
(12, 1818, 35, NULL, '2019-11-20'),
(12, 1818, 36, NULL, '2019-11-20'),
(12, 1818, 37, NULL, '2019-11-20'),
(12, 1818, 38, NULL, '2019-11-20'),
(12, 1818, 39, NULL, '2019-11-20'),
(12, 1818, 40, NULL, '2019-11-20'),
(12, 1818, 41, NULL, '2019-11-20'),
(12, 1818, 42, NULL, '2019-11-20'),
(12, 1818, 43, NULL, '2019-11-20'),
(12, 1818, 44, NULL, '2019-11-20'),
(12, 1818, 45, NULL, '2019-11-20'),
(12, 1818, 46, NULL, '2019-11-20'),
(12, 1818, 47, NULL, '2019-11-20'),
(12, 1818, 48, NULL, '2019-11-20'),
(12, 1818, 49, NULL, '2019-11-20'),
(12, 1818, 50, NULL, '2019-11-20'),
(56, 1616, 1, NULL, '2019-11-21'),
(56, 1616, 2, NULL, '2019-11-21'),
(56, 1616, 3, NULL, '2019-11-21'),
(56, 1616, 4, NULL, '2019-11-21'),
(56, 1616, 5, NULL, '2019-11-21'),
(56, 1616, 6, NULL, '2019-11-21'),
(56, 1616, 7, NULL, '2019-11-21'),
(56, 1616, 8, NULL, '2019-11-21'),
(56, 1616, 9, NULL, '2019-11-21'),
(56, 1616, 10, NULL, '2019-11-21'),
(56, 1616, 11, NULL, '2019-11-21'),
(56, 1616, 12, NULL, '2019-11-21'),
(56, 1616, 13, NULL, '2019-11-21'),
(56, 1616, 14, NULL, '2019-11-21'),
(56, 1616, 15, NULL, '2019-11-21'),
(56, 1616, 16, NULL, '2019-11-21'),
(56, 1616, 17, NULL, '2019-11-21'),
(56, 1616, 18, NULL, '2019-11-21'),
(56, 1616, 19, NULL, '2019-11-21'),
(56, 1616, 20, NULL, '2019-11-21'),
(56, 1616, 21, NULL, '2019-11-21'),
(56, 1616, 22, NULL, '2019-11-21'),
(56, 1616, 23, NULL, '2019-11-21'),
(56, 1616, 24, NULL, '2019-11-21'),
(56, 1616, 25, NULL, '2019-11-21'),
(56, 1616, 26, NULL, '2019-11-21'),
(56, 1616, 27, NULL, '2019-11-21'),
(56, 1616, 28, NULL, '2019-11-21'),
(56, 1616, 29, NULL, '2019-11-21'),
(56, 1616, 30, NULL, '2019-11-21'),
(56, 1616, 31, NULL, '2019-11-21'),
(56, 1616, 32, NULL, '2019-11-21'),
(56, 1616, 33, NULL, '2019-11-21'),
(56, 1616, 34, NULL, '2019-11-21'),
(56, 1616, 35, NULL, '2019-11-21'),
(56, 1616, 36, NULL, '2019-11-21'),
(56, 1616, 37, NULL, '2019-11-21'),
(56, 1616, 38, NULL, '2019-11-21'),
(56, 1616, 39, NULL, '2019-11-21'),
(56, 1616, 40, NULL, '2019-11-21'),
(56, 1616, 41, NULL, '2019-11-21'),
(56, 1616, 42, NULL, '2019-11-21'),
(56, 1616, 43, NULL, '2019-11-21'),
(56, 1616, 44, NULL, '2019-11-21'),
(56, 1616, 45, NULL, '2019-11-21'),
(56, 1616, 46, NULL, '2019-11-21'),
(56, 1616, 47, NULL, '2019-11-21'),
(56, 1616, 48, NULL, '2019-11-21'),
(56, 1616, 49, NULL, '2019-11-21'),
(56, 1616, 50, NULL, '2019-11-21'),
(57, 1717, 1, NULL, '2019-11-21'),
(57, 1717, 2, NULL, '2019-11-21'),
(57, 1717, 3, NULL, '2019-11-21'),
(57, 1717, 4, NULL, '2019-11-21'),
(57, 1717, 5, NULL, '2019-11-21'),
(57, 1717, 6, NULL, '2019-11-21'),
(57, 1717, 7, NULL, '2019-11-21'),
(57, 1717, 8, NULL, '2019-11-21'),
(57, 1717, 9, NULL, '2019-11-21'),
(57, 1717, 10, NULL, '2019-11-21'),
(57, 1717, 11, NULL, '2019-11-21'),
(57, 1717, 12, NULL, '2019-11-21'),
(57, 1717, 13, NULL, '2019-11-21'),
(57, 1717, 14, NULL, '2019-11-21'),
(57, 1717, 15, NULL, '2019-11-21'),
(57, 1717, 16, NULL, '2019-11-21'),
(57, 1717, 17, NULL, '2019-11-21'),
(57, 1717, 18, NULL, '2019-11-21'),
(57, 1717, 19, NULL, '2019-11-21'),
(57, 1717, 20, NULL, '2019-11-21'),
(57, 1717, 21, NULL, '2019-11-21'),
(57, 1717, 22, NULL, '2019-11-21'),
(57, 1717, 23, NULL, '2019-11-21'),
(57, 1717, 24, NULL, '2019-11-21'),
(57, 1717, 25, NULL, '2019-11-21'),
(57, 1717, 26, NULL, '2019-11-21'),
(57, 1717, 27, NULL, '2019-11-21'),
(57, 1717, 28, NULL, '2019-11-21'),
(57, 1717, 29, NULL, '2019-11-21'),
(57, 1717, 30, NULL, '2019-11-21'),
(57, 1717, 31, NULL, '2019-11-21'),
(57, 1717, 32, NULL, '2019-11-21'),
(57, 1717, 33, NULL, '2019-11-21'),
(57, 1717, 34, NULL, '2019-11-21'),
(57, 1717, 35, NULL, '2019-11-21'),
(57, 1717, 36, NULL, '2019-11-21'),
(57, 1717, 37, NULL, '2019-11-21'),
(57, 1717, 38, NULL, '2019-11-21'),
(57, 1717, 39, NULL, '2019-11-21'),
(57, 1717, 40, NULL, '2019-11-21'),
(57, 1717, 41, NULL, '2019-11-21'),
(57, 1717, 42, NULL, '2019-11-21'),
(57, 1717, 43, NULL, '2019-11-21'),
(57, 1717, 44, NULL, '2019-11-21'),
(57, 1717, 45, NULL, '2019-11-21'),
(57, 1717, 46, NULL, '2019-11-21'),
(57, 1717, 47, NULL, '2019-11-21'),
(57, 1717, 48, NULL, '2019-11-21'),
(57, 1717, 49, NULL, '2019-11-21'),
(57, 1717, 50, NULL, '2019-11-21'),
(58, 1818, 1, NULL, '2019-11-21'),
(58, 1818, 2, NULL, '2019-11-21'),
(58, 1818, 3, NULL, '2019-11-21'),
(58, 1818, 4, NULL, '2019-11-21'),
(58, 1818, 5, NULL, '2019-11-21'),
(58, 1818, 6, NULL, '2019-11-21'),
(58, 1818, 7, NULL, '2019-11-21'),
(58, 1818, 8, NULL, '2019-11-21'),
(58, 1818, 9, NULL, '2019-11-21'),
(58, 1818, 10, NULL, '2019-11-21'),
(58, 1818, 11, NULL, '2019-11-21'),
(58, 1818, 12, NULL, '2019-11-21'),
(58, 1818, 13, NULL, '2019-11-21'),
(58, 1818, 14, NULL, '2019-11-21'),
(58, 1818, 15, NULL, '2019-11-21'),
(58, 1818, 16, NULL, '2019-11-21'),
(58, 1818, 17, NULL, '2019-11-21'),
(58, 1818, 18, NULL, '2019-11-21'),
(58, 1818, 19, NULL, '2019-11-21'),
(58, 1818, 20, NULL, '2019-11-21'),
(58, 1818, 21, NULL, '2019-11-21'),
(58, 1818, 22, NULL, '2019-11-21'),
(58, 1818, 23, NULL, '2019-11-21'),
(58, 1818, 24, NULL, '2019-11-21'),
(58, 1818, 25, NULL, '2019-11-21'),
(58, 1818, 26, NULL, '2019-11-21'),
(58, 1818, 27, NULL, '2019-11-21'),
(58, 1818, 28, NULL, '2019-11-21'),
(58, 1818, 29, NULL, '2019-11-21'),
(58, 1818, 30, NULL, '2019-11-21'),
(58, 1818, 31, NULL, '2019-11-21'),
(58, 1818, 32, NULL, '2019-11-21'),
(58, 1818, 33, NULL, '2019-11-21'),
(58, 1818, 34, NULL, '2019-11-21'),
(58, 1818, 35, NULL, '2019-11-21'),
(58, 1818, 36, NULL, '2019-11-21'),
(58, 1818, 37, NULL, '2019-11-21'),
(58, 1818, 38, NULL, '2019-11-21'),
(58, 1818, 39, NULL, '2019-11-21'),
(58, 1818, 40, NULL, '2019-11-21'),
(58, 1818, 41, NULL, '2019-11-21'),
(58, 1818, 42, NULL, '2019-11-21'),
(58, 1818, 43, NULL, '2019-11-21'),
(58, 1818, 44, NULL, '2019-11-21'),
(58, 1818, 45, NULL, '2019-11-21'),
(58, 1818, 46, NULL, '2019-11-21'),
(58, 1818, 47, NULL, '2019-11-21'),
(58, 1818, 48, NULL, '2019-11-21'),
(58, 1818, 49, NULL, '2019-11-21'),
(58, 1818, 50, NULL, '2019-11-21');

--
-- Indexes for dumped tables
--

--
-- Indexes for table `bus`
--
ALTER TABLE `bus`
  ADD PRIMARY KEY (`busID`),
  ADD KEY `ruteID` (`ruteID`),
  ADD KEY `jumlah_kursi` (`jumlah_kursi`),
  ADD KEY `wktBerangkat` (`wktBerangkat`);

--
-- Indexes for table `dosen`
--
ALTER TABLE `dosen`
  ADD KEY `penggunaID` (`penggunaID`);

--
-- Indexes for table `kategori`
--
ALTER TABLE `kategori`
  ADD PRIMARY KEY (`kategoriID`);

--
-- Indexes for table `mahasiswa`
--
ALTER TABLE `mahasiswa`
  ADD KEY `penggunaID` (`penggunaID`);

--
-- Indexes for table `pengguna`
--
ALTER TABLE `pengguna`
  ADD PRIMARY KEY (`penggunaID`),
  ADD KEY `kategoriID` (`kategoriID`);

--
-- Indexes for table `rute`
--
ALTER TABLE `rute`
  ADD PRIMARY KEY (`ruteID`),
  ADD KEY `asal` (`asal`),
  ADD KEY `tujuan` (`tujuan`),
  ADD KEY `wktTiba` (`wktTiba`),
  ADD KEY `kapasitas` (`kapasitas`),
  ADD KEY `wktBerangkat_index` (`wktBerangkat`);

--
-- Indexes for table `staff`
--
ALTER TABLE `staff`
  ADD KEY `penggunaID` (`penggunaID`);

--
-- Indexes for table `tiket`
--
ALTER TABLE `tiket`
  ADD KEY `penggunaID` (`penggunaID`),
  ADD KEY `busID` (`busID`),
  ADD KEY `ruteID` (`ruteID`);

--
-- Constraints for dumped tables
--

--
-- Constraints for table `bus`
--
ALTER TABLE `bus`
  ADD CONSTRAINT `bus_ibfk_1` FOREIGN KEY (`ruteID`) REFERENCES `rute` (`ruteID`),
  ADD CONSTRAINT `bus_ibfk_3` FOREIGN KEY (`wktBerangkat`) REFERENCES `rute` (`wktBerangkat`);

--
-- Constraints for table `dosen`
--
ALTER TABLE `dosen`
  ADD CONSTRAINT `dosen_ibfk_1` FOREIGN KEY (`penggunaID`) REFERENCES `pengguna` (`penggunaID`);

--
-- Constraints for table `mahasiswa`
--
ALTER TABLE `mahasiswa`
  ADD CONSTRAINT `mahasiswa_ibfk_1` FOREIGN KEY (`penggunaID`) REFERENCES `pengguna` (`penggunaID`);

--
-- Constraints for table `pengguna`
--
ALTER TABLE `pengguna`
  ADD CONSTRAINT `pengguna_ibfk_1` FOREIGN KEY (`kategoriID`) REFERENCES `kategori` (`kategoriID`);

--
-- Constraints for table `staff`
--
ALTER TABLE `staff`
  ADD CONSTRAINT `staff_ibfk_1` FOREIGN KEY (`penggunaID`) REFERENCES `pengguna` (`penggunaID`);

--
-- Constraints for table `tiket`
--
ALTER TABLE `tiket`
  ADD CONSTRAINT `tiket_ibfk_1` FOREIGN KEY (`ruteID`) REFERENCES `bus` (`ruteID`) ON DELETE CASCADE,
  ADD CONSTRAINT `tiket_ibfk_2` FOREIGN KEY (`penggunaID`) REFERENCES `pengguna` (`penggunaID`),
  ADD CONSTRAINT `tiket_ibfk_3` FOREIGN KEY (`busID`) REFERENCES `bus` (`busID`) ON DELETE CASCADE;
COMMIT;

/*!40101 SET CHARACTER_SET_CLIENT=@OLD_CHARACTER_SET_CLIENT */;
/*!40101 SET CHARACTER_SET_RESULTS=@OLD_CHARACTER_SET_RESULTS */;
/*!40101 SET COLLATION_CONNECTION=@OLD_COLLATION_CONNECTION */;
